tier,name,director,phone1,phone2,city,spyur_url
"A","ԱՌԱՔԵԼՅԱՆ ՓԱՐԹՆԵՐՍ ՔՈՆՍԱԼԹԻՆԳ","Գրիգոր Առաքելյան, տնօրեն","+37441829009","+37410278720","Երևան","https://spyur.am/am/companies/arakelyan-partners-consulting/33619"
"A","ԱՐՏ ԸՔԱՈՒՆԹԻՆԳ ԻՐԱՎԱԲԱՆԱԿԱՆ ԵՎ ՀԱՇՎԱՊԱՀԱԿԱՆ ԸՆԿԵՐՈՒԹՅՈՒՆ","Սեյրան Հարությունյան, տնօրեն","+37460380388","+37494013013","Երևան","https://spyur.am/am/companies/art-accounting-law-and-accounting-company/52065"
"A","ԱՐՏ-ԼԱՐ ՖԻՆԱՆՍ ԸՆԴ ԸՔԱՈՒՆԹԻՆԳ ՀԱՇՎԱՊԱՀԱԿԱՆ ԵՎ ԽՈՐՀՐԴԱՏՎԱԿԱՆ ԸՆԿԵՐՈՒԹՅՈՒՆ","Արտակ Միշայի Վարոսյան, տնօրեն","+37410444008","+37460522727","Երևան","https://spyur.am/am/companies/art-lar-finance-and-accounting-accounting-and-consulting-company/5477"
"A","ԱՐՏՔԱՈՒՆԹ ՀԱՇՎԱՊԱՀԱԿԱՆ ԳՐԱՍԵՆՅԱԿ","Արտյոմ Ղազարյան, տնօրեն","+37477765552","","Երևան","https://spyur.am/am/companies/artcount-accounting-office/56118"
"A","ԱՐՓՖԻՆ ՍՊԸ","Վահագն Կարապետյան, տնօրեն","+37444312300","","Երևան","https://spyur.am/am/companies/arpfin/56662"
"A","ԱՔՍԻՍ ԸՔԱՈՒՆԹԻՆԳ ՍՊԸ","Արման Սարգսյան, տնօրեն","+37495811255","","Երևան","https://spyur.am/am/companies/axis-accounting/59483"
"A","ԲԵԼԵՆՍ ՇԻԹ ՀԱՇՎԱՊԱՀԱԿԱՆ ԸՆԿԵՐՈՒԹՅՈՒՆ","Սևակ Ոսկանյան, տնօրեն","+37410202227","+37499375511","Երևան","https://spyur.am/am/companies/balance-sheet-accounting-company/20607"
"A","ԲԵԼՆԱՐ ՀԱՇՎԱՊԱՀԱԿԱՆ ԸՆԿԵՐՈՒԹՅՈՒՆ","Նարեկ Միքայելյան, տնօրեն","+37412950000","+37455566567","Երևան","https://spyur.am/am/companies/belnar-accounting-company/44101"
"A","ԲԻԶՆԵՍԻ ՄԵԿ ՊԱՏՈՒՀԱՆ ՍՊԸ","Հասմիկ Միրզոյան, տնօրեն","+37494607211","+37491607211","Երևան","https://spyur.am/am/companies/business-single-window/49071"
"A","ԳԱՆՁԱՆԱԿՅԱՆ ԸՔԱՈՒՆԹԻՆԳ ՀԱՇՎԱՊԱՀԱԿԱՆ ԳՐԱՍԵՆՅԱԿ","Մարինե Գանձանակյան, տնօրեն","+37433365616","","Երևան","https://spyur.am/am/companies/gandzanakyan-accounting-accounting-office/58213"
"A","ԴԻ ՋԻ ՔՈՆՍԱԼԹԻՆԳ ՀԱՇՎԱՊԱՀԱԿԱՆ ԸՆԿԵՐՈՒԹՅՈՒՆ","Դավիթ Խաչատրյան, տնօրեն","+37411330004","+37498788080","Երևան","https://spyur.am/am/companies/dg-consulting-accounting-company/41953"
"A","ԷԼ ԷՍ ԷՅ ԻՐԱՎԱԲԱՆԱԿԱՆ ԸՆԿԵՐՈՒԹՅՈՒՆ","","+37433374375","+37496374374","Երևան","https://spyur.am/am/companies/lsa-law-firm/58600"
"A","ԷՅՎԻ ՔՈՆՍԱԼԹԻՆԳ ԸՆԴ ԱՈՒԴԻՏ","Մելս Վազգենի Պետրոսյան, գլխավոր տնօրեն","+37498229998","","Երևան","https://spyur.am/am/companies/av-consulting-and-audit/48963"
"A","ԹԱՈՒԵՐ ԻՆԹԵՐՆԵՅՇՆԼ ՔՈՆՍԱԼԹԱՆՏՍ ՓԲԸ","Հրանտ Այվազյան, տնօրեն","+37412571631","+37412571632","Երևան","https://spyur.am/am/companies/tower-international-consultants/6218"
"A","ԼԻԳԸԼ ԸՆԴ ԹԱՔՍ ՍՊԸ","Արգիշտի Քյարամյան, տնօրեն","+37444230000","+37412230000","Երևան","https://spyur.am/am/companies/legal-and-tax/57352"
"A","ԿՈՆՍԻԼՅԵՐԻ ՀԱՇՎԱՊԱՀԱԿԱՆ ԵՎ ԽՈՐՀՐԴԱՏՎԱԿԱՆ ԸՆԿԵՐՈՒԹՅՈՒՆ","Անահիտ Մկրտչյան, տնօրեն","+37494750795","+37411750755","Երևան","https://spyur.am/am/companies/consigliere-accounting-and-consulting-company/40758"
"A","ԿՈՆՍՏԱՆՏ ԿՈՆՍԱԼԹԻՆԳ ԳՐՈՒՊ ՍՊԸ","Նարեկ Թադևոսյան, տնօրեն","+37477626572","+37441102428","Երևան","https://spyur.am/am/companies/constant-consulting-group/27564"
"A","ՊՐՈՖ-ԱԼՅԱՆՍ ՍՊԸ","Արթուր Կիրակոսյան, տնօրեն","+37410541175","+37477880033","Երևան","https://spyur.am/am/companies/prof-alliance/59022"
"A","ՊՐՈՖԻԿՈՆ ՀԱՇՎԱՊԱՀԱԿԱՆ ԵՎ ԽՈՐՀՐԴԱՏՎԱԿԱՆ ԸՆԿԵՐՈՒԹՅՈՒՆ","Տիգրան Լևոնի Շահինյան, տնօրեն","+37496244040","+37499200630","Երևան","https://spyur.am/am/companies/proficon-accounting-and-consulting-company/6580"
"A","ՋԻ ԹԻ ԸՔԱՈՒՆԹԻՆԳ ՀԱՇՎԱՊԱՀԱԿԱՆ ԿԵՆՏՐՈՆ ՍՊԸ","Տիգրան Գագիկի Գրիգորյան, տնօրեն","+37491317372","+37498317372","Երևան","https://spyur.am/am/companies/gt-accounting-accounting-center/25914"
"A","ՔԼԱՐԻԹԻ ՔՈՆԹՐՈԼ (CLTC) ՀԱՇՎԱՊԱՀԱԿԱՆԸՆԿԵՐՈՒԹՅՈՒՆ (ՕՐԵՆՔ ԵՎ ԿԱՐԳ սահմանափակ պատասխանատվությամբ ընկերություն/ՍՊԸ)","Քրիստինե Առուստամյան, տնօրեն","+37494074474","+37433074474","Երևան","https://spyur.am/am/companies/clarity-control-cltc-accounting-company/56893"
"A","ՖԻՆԱՆՍ.ՔՈ ՍՊԸ","Անի Ռուստամյան, տնօրեն","+37455355530","+37444355540","Երևան","https://spyur.am/am/companies/finansco/58575"
"A","ՖԻՆԹԱՔՍ ԸՔԱՈՒՆԹԻՆԳ ՀԱՇՎԱՊԱՀԱԿԱՆ ԸՆԿԵՐՈՒԹՅՈՒՆ","Հրայր Մուրադյան, տնօրեն","+37494000446","+37491633236","Երևան","https://spyur.am/am/companies/fintax-accounting-accounting-company/27192"
"A","ՖԻՆԼԵՔՍ ՖԻՆԱՆՍԱԻՐԱՎԱԿԱՆ ԽՈՐՀՐԴԱՏՎԱԿԱՆ ԸՆԿԵՐՈՒԹՅՈՒՆ","Արտակ Ռուդիկի Զոփունյան, գլխավոր տնօրեն","+37460506080","+37410222111","Երևան","https://spyur.am/am/companies/finlex-financial-and-legal-consulting-company/6174"
"A","ՖՈՒԼ ՍԵՐՎԻՍ ՔՈՆՍԱԼԹԻՆԳ ՀԱՇՎԱՊԱՀԱԿԱՆ ԸՆԿԵՐՈՒԹՅՈՒՆ","Գայանե Մաճկալյան, տնօրեն","+37433787890","","Երևան","https://spyur.am/am/companies/full-service-consulting-accounting-company/58505"
"A","ՖՐԵԴԱ ՍՊԸ","Արման Ավանեսյան, տնօրեն","+37410256325","+37410250668","Երևան","https://spyur.am/am/companies/freda/7017"
"B","ԱՍԵԹՍ ՀԱՇՎԱՊԱՀԱԿԱՆ ԵՎ ԽՈՐՀՐԴԱՏՎԱԿԱՆ ԾԱՌԱՅՈՒԹՅՈՒՆՆԵՐ ՄԱՏՈՒՑՈՂ ԸՆԿԵՐՈՒԹՅՈՒՆ","Գևորգ Թառլամազյան, տնօրեն","+37444577767","+37498577767","Երևան","https://spyur.am/am/companies/assets-accounting-and-consulting-company/40935"
"B","ԲԵՆԵՖԻՏ ՔՈՆՍԱԼԹԻՆԳ ՓԲԸ","Գարիկ Սարգսյան, տնօրեն","+37410526590","+37460441111","Երևան","https://spyur.am/am/companies/benefit-consulting/26605"
"B","ԳԼՈԲԱԼ ԿՈՆՍԱԼՏ","Արա Մարկոսյան, տնօրեն","+37460742222","","Երևան","https://spyur.am/am/companies/global-consult/27275"
"B","ԷԴԱՐԹՀԱՈՒՍՔԸՆՍԱԼԹԻՆԳ ՍՊԸ","Էդուարդ Կարապետի Բադալյան, տնօրեն","+37410276515","+37494530840","Երևան","https://spyur.am/am/companies/edarthouseconsulting/7199"
"B","ԷՅԲԻԱՅ ՀԱՇՎԱՊԱՀԱԿԱՆ ԸՆԿԵՐՈՒԹՅՈՒՆ","Հայկ Պողոսյան, տնօրեն","+37493882037","","Երևան","https://spyur.am/am/companies/abi-accounting-company/43355"
"B","ԷՍ ԷՄ ՔԸՆՍԱԼԹԻՆԳ ՍՊԸ","Վալերի Մովսիսյան, տնօրեն","+37494775002","+37411448282","Երևան","https://spyur.am/am/companies/sm-consulting/57463"
"B","ԷՖ ԷՄ ԷՍ ՔՈՆՍԱԼԹԻՆԳ ՓԲԸ","Կարեն Գեորգիի Ֆիդանյան, գլխավոր տնօրեն","+37491202507","+37495202507","Երևան","https://spyur.am/am/companies/fms-consulting/6579"
"B","ԹՄ ԱՈՒԴԻՏ ՓԲԸ","Թաթուլ Մովսիսյան, գլխավոր տնօրեն","+37411607081","+37491421320","Երևան","https://spyur.am/am/companies/tm-audit/3597"
"B","ԹՐԱՍԹ ԱՈՒԴԻՏ ՖԻՆԱՆՍԱԿԱՆ ԽՈՐՀՐԴԱՏՎԱԿԱՆ ԿԵՆՏՐՈՆ","Հայկ Էմիլի Մարգարյան, տնօրեն","+37410516111","+37496525084","Երևան","https://spyur.am/am/companies/trust-audit-financial-advice-center/6838"
"B","ԻԷՆԷՍ ԸՔԱՈՒՆԹԻՆԳ ՀԱՇՎԱՊԱՀԱԿԱՆ ԸՆԿԵՐՈՒԹՅՈՒՆ ԵՎ ԴՊՐՈՑ","Էդիկ Սաիլյան, տնօրեն","+37410500740","+37460442283","Երևան","https://spyur.am/am/companies/ens-accounting-accounting-company-and-school/6393"
"B","ԻՄՊՐԵՍ ՀԱՇՎԱՊԱՀԱԿԱՆ ԵՎ ԽՈՐՀՐԴԱՏՎԱԿԱՆ ԾԱՌԱՅՈՒԹՅՈՒՆՆԵՐ ՄԱՏՈՒՑՈՂ ԸՆԿԵՐՈՒԹՅՈՒՆ","Արսեն Գրիգորյան, տնօրեն","+37410322434","+37491322434","Երևան","https://spyur.am/am/companies/impress-accounting-and-consulting-company/31733"
"B","ԼՈՅԱԼ ՀԱՇՎԱՊԱՀԱԿԱՆ ԳՐԱՍԵՆՅԱԿ","Արամ Հարությունյան, տնօրեն","+37455454566","","Երևան","https://spyur.am/am/companies/loyal-accounting-office/34388"
"B","ԼՈՆԴՈՆ ԲԻԶՆԵՍ ԳՐՈՒՊ ԱՈՒԴԻՏՈՐԱԿԱՆ, ԽՈՐՀՐԴԱՏՎԱԿԱՆ, ՖԻՆԱՆՍԱՏՆՏԵՍԱԿԱՆ ԵՎ ԴԱՏԱՀԱՇՎԱՊԱՀԱԿԱՆ ՓՈՐՁԱՔՆՆՈՒԹՅՈՒՆ ԻՐԱԿԱՆԱՑՆՈՂ ԸՆԿԵՐՈՒԹՅՈՒՆ","Տիգրան Զորյան, տնօրեն","+37410541272","+37491010421","Երևան","https://spyur.am/am/companies/london-business-group-audit-consulting-financial-economic-and-forensic-accounting-expertise-firm/6390"
"B","ԿԱՊԻՏԱԼ ԸՔԱՈՒՆԹԻՆԳ ՑԵՆՏՐ ՍՊԸ","Ռուբեն Մելքոնյան, տնօրեն","+37443980009","+37443550009","Երևան","https://spyur.am/am/companies/capital-accounting-center/40783"
"B","ԿՈՆՍ-ԱԼԻԱՆՍ ՀԱՇՎԱՊԱՀԱԿԱՆ ԿԵՆՏՐՈՆ","Մանե Գևորգի Միրզոյան, տնօրեն","+37495505808","","Վանաձոր","https://spyur.am/am/companies/cons-alliance-accounting-center/27074"
"B","ՀԱՇՎԱՊԱՀԱԿԱՆ ՀԱՇՎԱՌՄԱՆ ԵՎ ԴԱՏԱԿԱՆ ՏՆՏԵՍԱԳԻՏԱԿԱՆ ՓՈՐՁԱՔՆՆՈՒԹՅՈՒՆՆԵՐԻ ԿԵՆՏՐՈՆ (ՖԻՆԷՔՍՊԵՐՏ սահմանափակ պատասխանատվությամբ ընկերություն/ՍՊԸ)","Կարեն Մամիկոնյան, նախագահ","+37499927410","+37494927410","Երևան","https://spyur.am/am/companies/center-for-accounting-and-forensic-economic-examinations/55160"
"B","ՄԵԿՍ ԱԿՄԵ ՍՊԸ","Արևիկ Իվանի Բայրամյան, տնօրեն","+37411700015","+37477755442","Երևան","https://spyur.am/am/companies/mex-acme/7116"
"B","ՆԵՏ ՊՐՈՖԻՏ ՀԱՇՎԱՊԱՀԱԿԱՆ ԸՆԿԵՐՈՒԹՅՈՒՆ","Արթուր Եղիկյան, հիմնադիր տնօրեն","+37444044554","","Գյումրի","https://spyur.am/am/companies/net-profit-accounting-company/54277"
"B","ՊԼՅՈՒՍ-ՄԻՆՈՒՍ ՀԱՇՎԱՊԱՀԱԿԱՆ ԿԵՆՏՐՈՆ","Աննա Չիտչյան, տնօրեն","+37491221833","+37499022008","Երևան","https://spyur.am/am/companies/plus-minus-accounting-center/44899"
"B","ՊՐՈՖԻՔՍ ՔՈՆՍԱԼԹԻՆԳ ՍՊԸ","Տիգրան Գասպարյան, տնօրեն","+37444708807","","Երևան","https://spyur.am/am/companies/profix-consulting/39776"
"B","ՋԷՅ ԱՌ ՄԵԹՐԻՔՍ ՍՊԸ","Ռուզաննա Ջալավյան, տնօրեն","+37455003939","+37495003939","Երևան","https://spyur.am/am/companies/jr-metrix/49852"
"B","ՋԻ ՍՈՖՏ ՍՊԸ","Միքայել Առուստամյան, գործադիր տնօրեն","+37443610808","+37496639392","Երևան","https://spyur.am/am/companies/g-soft/30021"
"B","ՍԵՅՖ ԻՆՎԵՍԹ ՀԱՇՎԱՊԱՀԱԿԱՆ ԵՎ ԽՈՐՀՐԴԱՏՎԱԿԱՆ ԳՐԱՍԵՆՅԱԿ","Սերգեյ Խաչատրյան, տնօրեն","+37410523849","+37496221162","Երևան","https://spyur.am/am/companies/safe-invest-accounting-and-consulting-office/43217"
"B","ՍԹԵՓ ՔԸՆՍԱԼԹԻՆԳ ՍՊԸ","Լիանա Ղուկասյան, տնօրեն","+37411780007","+37411780005","Երևան","https://spyur.am/am/companies/step-consulting/41053"
"B","ՍՄԱՐՏ ԷՄԹԻ ՀԱՇՎԱՊԱՀԱԿԱՆ ԿԵՆՏՐՈՆ ՍՊԸ","Արմինե Համլետի Սահակյան, գործադիր տնօրեն","+37412400144","+37494204017","Երևան","https://spyur.am/am/companies/smart-mt-accounting-center/25244"
"B","ՎԻՆՔԸՆՍԱԼԹ ՀԱՇՎԱՊԱՀԱԿԱՆ ԸՆԿԵՐՈՒԹՅՈՒՆ (ՋԻ-ԷՄ ՔԸՆՍԱԼԹ սահմանափակ պատասխանատվությամբ ընկերություն/ՍՊԸ)","Գևորգ Մովսիսյան, տնօրեն","+37495448880","+37495478848","Երևան","https://spyur.am/am/companies/winconsult-accounting-company/55842"
"B","ՏՐԻԱԴԱ ԽՈՐՀՐԴԱՏՎԱԿԱՆ ՍՊԸ","Երվանդ Ֆրանգուլյան, տնօրեն","+37460440535","","Երևան","https://spyur.am/am/companies/triada-consulting/7313"
"B","ՓՐՈՖ ԹԱՔՍ ՀԱՇՎԱՊԱՀԱԿԱՆ ԸՆԿԵՐՈՒԹՅՈՒՆ","Մարիա Ստեփանյան, տնօրեն","+37412442609","","Երևան","https://spyur.am/am/companies/prof-tax-accounting-company/38363"
"B","ՓՐՈՖԻԹ ՓԱՐԹՆԸՐՍ ՔՈՄՓԸՆԻ ՀԱՇՎԱՊԱՀԱԿԱՆ ԵՎ ԲԻԶՆԵՍ-ԽՈՐՀՐԴԱՏՎԱԿԱՆ ԸՆԿԵՐՈՒԹՅՈՒՆ","Տիգրան Գասպարյան, տնօրեն","+37411970000","","Երևան","https://spyur.am/am/companies/profit-partners-company-accounting-and-business-consulting-company/41057"
"B","ՖԻԼԻՆ ԷՅԷՄ ՍՊԸ","Արմինե Համլետի Սահակյան, տնօրեն","+37412601602","+37493125153","Երևան","https://spyur.am/am/companies/philinam/46796"
"B","ՖԻՆ ԼԻԴԵՐ ՀԱՇՎԱՊԱՀԱԿԱՆ ԵՎ ԽՈՐՀՐԴԱՏՎԱԿԱՆ ԸՆԿԵՐՈՒԹՅՈՒՆ","Ելենա Ղալայան, տնօրեն","+37444808814","+37499999864","Երևան","https://spyur.am/am/companies/fin-leader-accounting-and-consulting-company/47294"
"B","ՖՈՐՍԵՏԻ ՔՈՆՍԱԼԹ ՍՊԸ","Հայկ Արթուրի Մանուչարյան, տնօրեն","+37499950996","","Երևան","https://spyur.am/am/companies/forseti-consult/29674"
"B","ՖՐԻՎԵՅ ՖԱՅՆԱՆՍ ՀԱՇՎԱՊԱՀԱԿԱՆ ԳՐԱՍԵՆՅԱԿ","Վահե Մելիքսեթյան, տնօրեն","+37460275707","+37496005707","Երևան","https://spyur.am/am/companies/freeway-finance-accounting-office/36989"
"C","ԱԼՊՍ ԸՆԴ ՉԵՅՍ ՔՈՆՍԱԼԹԻՆԳ ՍՊԸ","","","","Երևան","https://spyur.am/am/companies/alps-and-chase-consulting/56185"
"C","ԱՆԱՀԻՏ ՎԱՐԴԻԿՅԱՆ անհատ ձեռնարկատեր (ԱՁ)","","","","Երևան","https://spyur.am/am/companies/anahit-vardikyan/35254"
"C","ԱՊԱՀՈՎ ԳՈՐԾԸՆԿԵՐ ՀԱՇՎԱՊԱՀԱԿԱՆ ԳՐԱՍԵՆՅԱԿ ՍՊԸ","","","","Հրազդան","https://spyur.am/am/companies/secure-partner-accounting-office/54864"
"C","ԲԵՅՍ ՔՈՆՍԱԼԹ ՀԱՇՎԱՊԱՀԱԿԱՆ ԸՆԿԵՐՈՒԹՅՈՒՆ ՍՊԸ","","","","Երևան","https://spyur.am/am/companies/base-consult-accounting-company/24974"
"C","ԵՂՍԱ ՔՈՆՍԱԼԹԻՆԳ","","","","Երևան","https://spyur.am/am/companies/yeghsa-consulting/56717"
"C","ԶԵԹ ՔՆՍԱԼԹԻՆԳ ՀԱՇՎԱՊԱՀԱԿԱՆ ԸՆԿԵՐՈՒԹՅՈՒՆ ՓԲԸ","","","","Երևան","https://spyur.am/am/companies/z-consulting-accounting-company/29557"
"C","ԷԼ.ՎԻ.ՓԻ.ՔՆՍԱԼԹԻՆԳ ՀԱՇՎԱՊԱՀԱԿԱՆ ԸՆԿԵՐՈՒԹՅՈՒՆ ՓԲԸ","","","","Երևան","https://spyur.am/am/companies/lvpconsulting-accounting-company/44795"
"C","ԷՎԻ ՈՒՆԻՎԵՐՍԱԼ","","","","Երևան","https://spyur.am/am/companies/evi-universal/33152"
"C","ԻՐԱԶԵԿ ՀԱՇՎԱՊԱՀ ՀԱՇՎԱՊԱՀԱԿԱՆ ԳՐԱՍԵՆՅԱԿ ՍՊԸ","","","","Վեդի","https://spyur.am/am/companies/irazek-hashvapah-accounting-office/54863"
"C","ԼԻԴԵՐ ԸՔԱՈՒՆԹԻՆԳ ՀԱՇՎԱՊԱՀԱԿԱՆ ՀԱՇՎԱՌՄԱՆ ԳՐԱՍԵՆՅԱԿ ՍՊԸ","","","","Երևան","https://spyur.am/am/companies/leader-accounting-accountancy-office/55020"
"C","ՀԱՅԱՍՏԱՆԻ ՀԱՇՎԱՊԱՀՆԵՐԻ ԱՍՈՑԻԱՑԻԱ հասարակական կազմակերպություն (ՀԿ)","Հերմինե Թովմասյան, նախագահ","+37411600000","+37441600090","Երևան","https://spyur.am/am/companies/association-of-accountants-of-armenia/52473"
"C","ՄԱԳ ՔՈՆ ՍՊԸ","","","","Երևան","https://spyur.am/am/companies/mag-con/57513"
"C","ՊՐԵՄԻՈՒՄ ՔՈՆՍԱԼԹԱՆԹ ՍՊԸ","","","","Երևան","https://spyur.am/am/companies/premium-consultant/55501"
"C","ՋԻ ԷՄ ՔԵՅ ՓԱՐԹՆԵՐՍ ՀԱՇՎԱՊԱՀԱԿԱՆ ԸՆԿԵՐՈՒԹՅՈՒՆ","","","","Երևան","https://spyur.am/am/companies/gmk-partners-accounting-company/48289"
"C","ՍԻՄԱՊԵ ԸՔԱՈՒՆԹԻՆԳ ՀԱՇՎԱՊԱՀԱԿԱՆ ԸՆԿԵՐՈՒԹՅՈՒՆ ՍՊԸ","","","","Երևան","https://spyur.am/am/companies/simape-accounting-accounting-company/46010"
"C","ՓԻ-ԷՅՋ-ՓԻ ՓԱՐԹՆԸՐԶ ՓԲԸ","","","","Երևան","https://spyur.am/am/companies/php-partners/6351"
"C","ՓՐԱՅՄ ԸՔԱՈՒՆԹԻՆԳ","","","","Երևան","https://spyur.am/am/companies/prime-accounting/57899"
"C","ՔՈՆՖԻԴՈ ԸԴՎԱՅԶՈՐԻ ՍՊԸ","","","","Երևան","https://spyur.am/am/companies/confido-advisory/56453"
"C","ՕՆԹՈՓ ՔԸՆՍԱԼԹԻՆԳ","","","","Երևան","https://spyur.am/am/companies/ontop-consulting/53837"
"C","ՖԱՍԹ ԸՔԱՈՒՆԹԻՆԳ ՀԱՇՎԱՊԱՀԱԿԱՆ ԳՐԱՍԵՆՅԱԿ","","","","Երևան","https://spyur.am/am/companies/fast-accounting-accounting-office/32500"
"D","Ա. ԲԱՐՍԵՂՅԱՆ ԵՎ ԳՈՐԾԸՆԿԵՐՆԵՐ ՍՊԸ","Աշոտ Խաչիկի Բարսեղյան, տնօրենների խորհրդի նախագահ","+37499666420","+37499668855","Երևան","https://spyur.am/am/companies/-a-barseghyan-and-partners/7371"
"D","ԱԼՖԱ ԸՔԱՈՒՆԹԻՆԳ","Մանուկ Գյուլնազարյան, տնօրեն","+37444808070","","Երևան","https://spyur.am/am/companies/alpha-accounting/57441"
"D","ԱՅ ԹԻ ԼԵՔՍ ՔՈՆՍԱԼԹԻՆԳ ՍՊԸ","Էդգար Գալստյան, տնօրեն","+37441454381","","Երևան","https://spyur.am/am/companies/it-lex-consulting/49530"
"D","ԱՅ ԹԻ ՌԻՓՈՐԹՍ","Դավիթ Նիկողոսյան, տնօրեն","+37460611560","+37441611560","Երևան","https://spyur.am/am/companies/it-reports/32051"
"D","ԱՅԹՐԱՍԹ ՀԱՇՎԱՊԱՀԱԿԱՆ ԳՐԱՍԵՆՅԱԿ","Արմեն Հակոբյան, տնօրեն","+37477333380","+37498378837","Դավթաշեն","https://spyur.am/am/companies/itrust-accounting-company/50840"
"D","ԱՇՈՒՂՅԱՆ ԿԱՊԻՏԱԼ ՍՊԸ","Արամ Աշուղյան, տնօրեն","+37410303344","+37455323345","Երևան","https://spyur.am/am/companies/ashughyan-capital/27427"
"D","ԱՍԳՐՈՒՊ ՀԱՇՎԱՊԱՀԱԿԱՆ ԿԱԶՄԱԿԵՐՊՈՒԹՅՈՒՆ","Արեգ Սահակյան, տնօրեն","+37410201219","+37494444568","Երևան","https://spyur.am/am/companies/asgroup-accounting-organization/38342"
"D","ԱՍԼԱՆՅԱՆՍ ԸՔԱՈՒՆԹԻՆԳ","","+37491011471","","Երևան","https://spyur.am/am/companies/aslanyans-accounting/48916"
"D","ԱՍՓՐՈՖԻԹ ԳՐՈՒՊ ՍՊԸ","Հայկազ Ղազարյան, տնօրեն","+37498461870","","Երևան","https://spyur.am/am/companies/asprofit-group/29721"
"D","ԱՎԱԳՅԱՆ ԸՔԱՈՒՆԹԻՆԳ","","+37477340434","","Շիրակի մարզ","https://spyur.am/am/companies/avagyan-accounting/54875"
"D","ԱՎՀ ԸՔԱՈՒՆԹԻՆԳ","Հաբեթ Վարդանյան, տնօրեն","+37496113100","","Երևան","https://spyur.am/am/companies/avh-accounting/59783"
"D","ԱՐ ՊՐՈՖԵԿՏՈՒՍ ՖԻՆԱՆՍԱԿԱՆ ԽՈՐՀՐԴԱՏՎԱԿԱՆ ԸՆԿԵՐՈՒԹՅՈՒՆ ՍՊԸ","Աշոտ Արզումանյան, տնօրեն","+37455996490","","Երևան","https://spyur.am/am/companies/ar-profectus-financial-consulting-company/27514"
"D","ԱՐԱՄԱՅԻՍ ԵՊԻՍԿՈՊՈՍՅԱՆ անհատ ձեռնարկատեր (ԱՁ)","Արամայիս Եպիսկոպոսյան, տնօրեն","+37477705774","+79990018105","Երևան","https://spyur.am/am/companies/aramais-yepiskoposyan/51246"
"D","ԱՐԹ ՊՐՈԳՐԵՍ ՀԱՇՎԱՊԱՀԱԿԱՆ ԿԵՆՏՐՈՆ ՍՊԸ","Նազելի Կակոսյան, տնօրեն","+37491055925","+37498055926","Արթիկ","https://spyur.am/am/companies/art-progress-accounting-center/54982"
"D","ԱՐՓԱ ԳՈԼԴ ՀԱՇՎԱՊԱՀԱԿԱՆ ՀԱՇՎԱՌՄԱՆ ԳՐԱՍԵՆՅԱԿ ՍՊԸ","Խաժակ Հախվերդյան, տնօրեն","+37494021025","+37495021025","Եղեգնաձոր","https://spyur.am/am/companies/arpa-gold-accountancy-office/54842"
"D","ԲԱԲԱՅԱՆՍ ՀԱՇՎԱՊԱՀԱԿԱՆ ԸՆԿԵՐՈՒԹՅՈՒՆ","Էրիկ Բաբայան, տնօրեն","+37441336336","","Երևան","https://spyur.am/am/companies/babayans-accounting-company/56654"
"D","ԲԱԴԱԼԻԱՆ ՖԻՆԱՆՍԱԿԱՆ ԾԱՌԱՅՈՒԹՅՈՒՆՆԵՐ","","+18182468199","","","https://spyur.am/am/companies/badalian-financial-services/36114"
"D","ԲԱԼԱՆՍ ԲՐԻՋ ՀԱՇՎԱՊԱՀԱԿԱՆ ԿԵՆՏՐՈՆ ՍՊԸ","Նորա Իսրաելյան, տնօրեն","+37499425445","+37498425445","Ստեփանավան","https://spyur.am/am/companies/balance-bridge-accounting-center/54991"
"D","ԲԱԼԱՆՍ ՀԱՇՎԱՊԱՀԱԿԱՆ ԸՆԿԵՐՈՒԹՅՈՒՆ","Քրիստինե Ղևոնդյան, տնօրեն","+37494535473","+37455565053","Լոռու մարզ","https://spyur.am/am/companies/balance-accounting-company/55440"
"D","ԲԵԿՖԻՆ ԱՄՆ","","+17473830843","+17473008030","","https://spyur.am/am/companies/bekfin-usa/59873"
"D","ԲԵԿՖԻՆ ՀԱՅ-ԱՄԵՐԻԿՅԱՆՀԱՇՎԱՊԱՀԱԿԱՆ ԿԵՆՏՐՈՆ","","+37444283858","","Երևան","https://spyur.am/am/companies/bekfin-armenian-american-accounting-center/59082"
"D","ԲԵՍԹ ԲԻԶՆԵՍ ՓԱՐԹՆԵՐ ՀԱՇՎԱՊԱՀԱԿԱՆ ՀԱՇՎԱՌՄԱՆ ԳՐԱՍԵՆՅԱԿ ՍՊԸ","Գայանե Թադևոսյան, տնօրեն","+37477740092","+37477740392","Արմավիրի մարզ","https://spyur.am/am/companies/best-business-partner-accountancy-office/54840"
"D","ԲԵՍԹ ԸՔԱՈՒՆԹԻՆԳ","Իգնատ Հովհաննիսյան, գործադիր տնօրեն","+37493711729","+37493503803","Արմավիրի մարզ","https://spyur.am/am/companies/best-accounting/43823"
"D","ԲԵՍԹ ԼՈՋԻՔ ՀԱՇՎԱՊԱՀԱԿԱՆ ԸՆԿԵՐՈՒԹՅՈՒՆ","Արմեն Մաթևոսյան, տնօրեն","+37433701600","","Երևան","https://spyur.am/am/companies/best-logic-accounting-company/54538"
"D","ԲԵՍԹ ՔՈՆՍԱԼԹԻՆԳ ՔՈ ՀԱՇՎԱՊԱՀԱԿԱՆ ԾԱՌԱՅՈՒԹՅՈՒՆՆԵՐ ՄԱՏՈՒՑՈՂ ԸՆԿԵՐՈՒԹՅՈՒՆ ՍՊԸ","Մարիամ Աղաբեկյան, տնօրեն","+37494082118","","Երևան","https://spyur.am/am/companies/best-consulting-co-accounting-company/46786"
"D","ԲԵՍԹ-ԻՆՎԵՍՏ ՍՊԸ","Քրիստինե Ավետյան, տնօրեն","+37496046588","+37494046588","Մարտունի","https://spyur.am/am/companies/best-invest/54837"
"D","ԲԵՍԹՖԻՆ ՀԱՇՎԱՊԱՀԱԿԱՆ ԳՐԱՍԵՆՅԱԿ ՍՊԸ","Սյուզաննա Հարությունյան, տնօրեն","+37493579180","+37498808383","Վարդենիս","https://spyur.am/am/companies/bestfin-accounting-office/55015"
"D","ԲԻ ԷՄ ԲԻ ՓԱՐԹՆԵՐՍ ՍՊԸ","Հովհաննես Բալջյան, համահիմնադիր","+37499309901","+37499807755","Երևան","https://spyur.am/am/companies/bmb-partners/50173"
"D","ԲԻ ԷՅ ՍԻ ԸՔԱՈՒՆԹԻՆԳ ՀԱՇՎԱՊԱՀԱԿԱՆ ԸՆԿԵՐՈՒԹՅՈՒՆ ՍՊԸ","Կամո Արշավիրի Աբրահամյան, տնօրեն","+37410235653","+37477676716","Երևան","https://spyur.am/am/companies/bac-accounting-accounting-company/27936"
"D","ԲԻ ԷՅ ՍԻ ՀԱՇՎԱՊԱՀԱԿԱՆ ԳՐԱՍԵՆՅԱԿ ԵՎ ՀԱՇՎԱՊԱՀԱԿԱՆ ԴՊՐՈՑ","Արմեն Ավետիսյան, տնօրեն","+37410235653","+37477676716","Երևան","https://spyur.am/am/companies/bac-accounting-office-and-accounting-school/35889"
"D","ԲԻ-ԴԻ-Օ ԱՐՄԵՆԻԱ","Վահագն Սահակյան, տնօրեն","+37460528899","","Երևան","https://spyur.am/am/companies/bdo-armenia/4248"
"D","ԲԻԶՆԵՍ ԱՋԱԿԻՑ ՀԱՇՎԱՊԱՀԱԿԱՆ ԳՐԱՍԵՆՅԱԿ ՍՊԸ","Սեդա Ղազարյան, տնօրեն","+37499723995","+37477723995","Լոռու մարզ","https://spyur.am/am/companies/business-ajakic-accountancy-office/54841"
"D","ԲԻԶՆԵՍ ՖՈՒԼ ՍԵՐՎԻՍԻԶ ՀԱՇՎԱՊԱՀԱԿԱՆ ՀԱՇՎԱՌՄԱՆ ԳՐԱՍԵՆՅԱԿ ՍՊԸ","Արշակ Մարտիրոսյան, տնօրեն","+37495944090","+37498944090","Արարատ","https://spyur.am/am/companies/business-full-services-accountancy-office/55019"
"D","ԲԻԼԴ ԷՅՍԻՍԻ ԽՈՐՀՐԴԱՏՎԱԿԱՆ ԵՎ ՀԱՇՎԱՊԱՀԱԿԱՆ ԸՆԿԵՐՈՒԹՅՈՒՆ","Էդգար Հակոբյան, տնօրեն","+37494285171","","Երևան","https://spyur.am/am/companies/build-acc-accounting-and-consulting-company/30904"
"D","ԲԻՕՆ ԿԵՆՏՐՈՆ","Տիգրան Մինասյան, տնօրեն","+37460511010","+37495611010","Գյումրի","https://spyur.am/am/companies/beon-center/48995"
"D","ԳԱԲ ՍՊԸ","Աշոտ Գաբրիելյան, տնօրեն","+37499884849","","Աբովյան","https://spyur.am/am/companies/gab/39250"
"D","ԳԵԹՎԻՆԳ ՍՊԸ","Աշոտ Կարապետյան, տնօրեն","+37494192691","","Երևան","https://spyur.am/am/companies/getwing/50181"
"D","ԳԻՎԵԼԵԿՅԱՆ ԱՐԹՈՒՐ","","+17182244992","","","https://spyur.am/am/companies/givelekian-arthur/37687"
"D","ԳԼՈԲԱԼՖԻՆ ՀԱՇՎԱՊԱՀԱԿԱՆ ԳՐԱՍԵՆՅԱԿ ՍՊԸ","Ասյա Գալստյան, տնօրեն","+37496031975","+37477131975","Գյումրի","https://spyur.am/am/companies/globalfin-accounting-office/54884"
"D","ԳՈՐԾԸՆԿԵՐ ԳՐԱՍԵՆՅԱԿ ՀԱՇՎԱՊԱՀԱԿԱՆ ԿԵՆՏՐՈՆ ՍՊԸ","Աիդա Գրիգորյան, տնօրեն","+37496140103","+37494140103","Գորիս","https://spyur.am/am/companies/gortsnker-grasenyak-accounting-center/54839"
"D","ԳՐԻՆ ԼԱՅՆ ՀԱՇՎԱՊԱՀԱԿԱՆ ԳՐԱՍԵՆՅԱԿ","Դավիթ Դավթյան, տնօրեն","+37441331191","","Երևան","https://spyur.am/am/companies/green-line-accounting-office/51711"
"D","ԴԱԲԼ ՉԵՔ","","+37444882223","","Երևան","https://spyur.am/am/companies/double-check/59280"
"D","ԴԱՆԵՔՍ ՖԱՅՆԱՆՍ","","+37499024441","","Երևան","https://spyur.am/am/companies/danex-finance/57986"
"D","ԴԱՏԱՖԼԵՔՍ ՍՊԸ","Միքայել Գևորգյան, տնօրեն","+37477504042","+37494320000","Երևան","https://spyur.am/am/companies/dataflex/48945"
"D","ԴԵԲԵՏ ՀԱՇՎԱՊԱՀԱԿԱՆ ԳՐԱՍԵՆՅԱԿ","Լիպարիտ Մելքոնյան, ղեկավար","+37455001919","","Երևան","https://spyur.am/am/companies/debet-accounting-office/38948"
"D","ԴԵԼՏԱ ՔՈՆՍԱԼԹԻՆԳ","","+37494993536","+37495993536","Երևան","https://spyur.am/am/companies/delta-consulting/56001"
"D","ԴԵՅԹԸ ԸՔԱՈՒՆԹԻՆԳ ՍԵՐՎԻՍ","","+18182469524","","","https://spyur.am/am/companies/data-accounting-service/36981"
"D","ԴԵՐ-ՍԱՐԿԻՍՅԱՆ ԵՎ ԳՈՐԾԸՆԿԵՐՆԵՐ","Զարե Դեր-Սարկիսյան, տնօրեն","+18185000836","","","https://spyur.am/am/companies/der-sarkissian-and-associates/37110"
"D","ԴԵՐ-ՎԱՐԴԱՆՅԱՆ ԲՐԱՅԱՆ","Բրայան Դեր-Վարդանյան, տնօրեն","+18182429755","","","https://spyur.am/am/companies/der-vartanian-brian/37107"
"D","ԴԻ ՋԻ ԲԻԶՆԵՍ ԸԴՎԱՅՍ","Դավիթ Գլջյան, տնօրեն","+37493060644","","Երևան","https://spyur.am/am/companies/dg-business-advice/32102"
"D","ԴՈՐՄ ՀԱՇՎԱՊԱՀԱԿԱՆ ԸՆԿԵՐՈՒԹՅՈՒՆ ՍՊԸ","Արտյոմ Ոսկանյան, տնօրեն","+37441442224","","Երևան","https://spyur.am/am/companies/dorm-accounting-company/58138"
"D","ԴՈՔՈՒՄԵՆ ՓԲԸ","Էդուարդ Վարդազարյան, տնօրեն","+37441990991","","Երևան","https://spyur.am/am/companies/documan/53297"
"D","ԵՐԵՔ ՈՒՂՂՈՒԹՅՈՒՆ ՓԲԸ","","+37410574219","","Երևան","https://spyur.am/am/companies/three-directions/33489"
"D","ԶԱՐԴԱՐՅԱՆ ՔՈՆՍԱԼԹԻՆԳ ՀԱՇՎԱՊԱՀԱԿԱՆ ԳՐԱՍԵՆՅԱԿ","","+37441433222","","Երևան","https://spyur.am/am/companies/zardaryan-consulting-accounting-office/51959"
"D","ԶԱՔԱՐՅԱՆՍ ՔԸՆՍԱԼԹԻՆԳ ՍՊԸ","Նարեկ Զաքարյան, ղեկավար","+37498135117","","Երևան","https://spyur.am/am/companies/zaqaryans-consulting/52869"
"D","Է ԸՆԴ ՋԻ ՓԱՐԹՆԵՐՍ ՍՊԸ","","+37441811119","+37455811119","Աբովյան","https://spyur.am/am/companies/e-and-g-partners/56416"
"D","ԷԲԵԴԻ ԵՎ ԳՈՐԾԸՆԿԵՐՆԵՐ ՀԱՇՎԱՊԱՀԱԿԱՆ ԿՈՐՊՈՐԱՑԻԱ","","+18189560027","","","https://spyur.am/am/companies/abedi--associates-accountancy-corporation/35808"
"D","ԷԼ ՓԻ ՓԱՐԹՆԵՐՍ ՓԲԸ","Լիաննա Վարուժանի Հարությունյան, տնօրեն","+37491237922","","Երևան","https://spyur.am/am/companies/lp-partners/24073"
"D","ԷԼԼԱՌԱ ԸՔԱՈՒՆԹԻՆԳ","","+37494828420","","Երևան","https://spyur.am/am/companies/ellara-accounting/54833"
"D","ԷՄ ԷՅՉ ԲԻԶՆԵՍ-ԽՈՐՀՐԴԱՏՎՈՒԹՅՈՒՆ (ԷՄ ԷՅՉ ԽՈՐՀՐԴԱՏՎՈՒԹՅՈՒՆ սահմանափակ պատասխանատվությամբ ընկերություն/ՍՊԸ)","","+37410509595","+37433509595","Երևան","https://spyur.am/am/companies/mh-business-consulting/58079"
"D","ԷՄ ԷՍ ՖԱՅՆՆՍ ՍՊԸ","Մհեր Սողոմոնյան, տնօրեն","+37477330288","","Երևան","https://spyur.am/am/companies/ms-finance/51672"
"D","ԷՄՋԻ ԸՔԱՈՒՆԹԻՆԳ ՀԱՇՎԱՊԱՀԱԿԱՆ ԳՐԱՍԵՆՅԱԿ","Գուրգեն Արմենի Մելիքյան, տնօրեն","+37494758188","+37444758188","Երևան","https://spyur.am/am/companies/mg-accounting-accounting-office/42199"
"D","ԷՅ ԱՅ ԹԻ ՍԻ ՀԱՇՎԱՊԱՀԱԿԱՆ ԿԱԶՄԱԿԵՐՊՈՒԹՅՈՒՆ","Սևանա Գրիգորյան, տնօրեն","+37477010321","+37433555911","Երևան","https://spyur.am/am/companies/aitc-accounting-organization/42788"
"D","ԷՅ ԷԼ ԷՅ ՍՊԸ","Մարիամ Ավետիսյան, տնօրեն","+37460477433","","Էջմիածին","https://spyur.am/am/companies/ala/33264"
"D","ԷՅ ԷՅ ԻՔՍ ՔՈՆՍԱԼԹԻՆԳ","Արմեն Հակոբյան, տնօրեն","+37441550325","+37496550323","Երևան","https://spyur.am/am/companies/aax-consulting/54566"
"D","ԷՅ ԷՍ ԲԱԼԱՆՍ ՍԵՆԹԵՐ ՀԱՇՎԱՊԱՀԱԿԱՆ ԸՆԿԵՐՈՒԹՅՈՒՆ","Սվետա Մկրտչյան, տնօրեն","+37495293440","+37477293440","Երևան","https://spyur.am/am/companies/as-balance-center-accounting-company/35442"
"D","ԷՅ ՋԻ ՌՈՅԱԼ ՔՈՆՍԱԼԹԻՆԳ ՀԱՇՎԱՊԱՀԱԿԱՆ ԸՆԿԵՐՈՒԹՅՈՒՆ ՍՊԸ","Անի Գրիգորյան, տնօրեն","+37494222127","","Երևան","https://spyur.am/am/companies/ag-royal-consulting-accounting-company/52593"
"D","ԷՅ ՍԻ ԷՅ ՓԱՐԹՆԵՐՍ ՀԱՇՎԱՊԱՀԱԿԱՆ ԸՆԿԵՐՈՒԹՅՈՒՆ ՍՊԸ","Ղևոնդ Գալստյան, տնօրեն","+37491219746","","Երևան","https://spyur.am/am/companies/aca-partners-accounting-company/85402"
"D","ԷՅ ՍԻ ՍԻ ԹՐԱՍԹ ՍՊԸ","","+37493426872","","Երևան","https://spyur.am/am/companies/acc-trust/38988"
"D","ԷՅ ՍԻ ՍԻ ՍՊԸ","Խորեն Նալբանդյան, տնօրեն","+37444060619","+37498882944","Երևան","https://spyur.am/am/companies/acc/48848"
"D","ԷՅ ՔԵՅ ԸՔԱՈՒՆԹԻՆԳ ՀԱՇՎԱՊԱՀԱԿԱՆ ԸՆԿԵՐՈՒԹՅՈՒՆ","Էդուարդ Պողոսյան, տնօրեն","+37494311920","","Երևան","https://spyur.am/am/companies/ak-accounting-accounting-company/40544"
"D","ԷՅՉ ՋԻ ԳՐՈՒՊ ՍՊԸ","","+37494210888","+37499282646","Երևան","https://spyur.am/am/companies/hg-group/49802"
"D","ԷՅՋ ԷՅ ԷԼ ՔՈՆՍԱԼԹ ՀԱՇՎԱՊԱՀԱԿԱՆ ԳՐԱՍԵՆՅԱԿ","Հասմիկ Հարությունյան, տնօրեն","+37410571685","+37495571685","Երևան","https://spyur.am/am/companies/hal-consult-accounting-office/39511"
"D","ԷՅՋ ԷՅ ԸՔԱՈՒՆԹԻՆԳ","Հարություն Գևորգյան, տնօրեն","+37491600160","+37441250633","Երևան","https://spyur.am/am/companies/ha-accounting/50805"
"D","ԷՅՋ-ԲԻ ԸՔԱՈՒՆԹԻՆԳ ՍՊԸ","Նարինե Խաչատրյան, տնօրեն","+37496777732","","Երևան","https://spyur.am/am/companies/hb-accounting/32063"
"D","ԷՅՋ-ՓԻ-ԷՆ ՓՐՈՋԵՔԹ ՍՊԸ","Ստեփան Նալբանդյան, տնօրեն","+37494848804","","Երևան","https://spyur.am/am/companies/hpn-project/6670"
"D","ԷՅՎԻ ՔՈՆՍԱԼԹԻՆԳ ՀԱՇՎԱՊԱՀԱԿԱՆ ԸՆԿԵՐՈՒԹՅՈՒՆ","Վիրաբ Աբրահամյան, տնօրեն","+37493090371","+37444808701","Երևան","https://spyur.am/am/companies/av-consulting-accounting-company/45670"
"D","ԷՆ ՋԻ ԲԻԶՆԵՍ ՀԱՇՎԱՊԱՀԱԿԱՆ ԸՆԿԵՐՈՒԹՅՈՒՆ","Նունե Ղազարյան, տնօրեն","+37491491769","","Երևան","https://spyur.am/am/companies/ng-business-accounting-company/26213"
"D","ԷՆ ՋԻ ՅՈՒ ՍՊԸ","Նունե Յուրիի Ղահրամանյան, տնօրեն","+37491565742","","Երևան","https://spyur.am/am/companies/ngu/21829"
"D","ԷՍ ԷՄ ԸՔԱՈՒՆԹԻՆԳ ՍՊԸ","Սուրեն Մելիքբեկյան, տնօրեն","+37411468282","","Երևան","https://spyur.am/am/companies/sm-accounting/49434"
"D","ԷՍ ԷՅՋ ԸՔԱՈՒՆԹԻՆԳ ՍԵՐՎԻՍԻԶ","Շուշանիկ Հարությունյան, ղեկավար","+37433747759","+37499747759","Երևան","https://spyur.am/am/companies/sh-accounting-services/53020"
"D","ԷՔՍՊՐԵՍ ԴԻՎԵԼՈՓՄԵՆԹ ՀԱՇՎԱՊԱՀԱԿԱՆ ԸՆԿԵՐՈՒԹՅՈՒՆ","Անդրեաս Հովհաննիսյան, տնօրեն","+37477225062","","Երևան","https://spyur.am/am/companies/express-development-accounting-company/47216"
"D","ԷՔՍՊՐԵՍ ՊԼՅՈՒՍ ԸՔԱՈՒՆԹԻՆԳ ՍՊԸ","","+37477686310","+37444686310","Գյումրի","https://spyur.am/am/companies/express-plus-accounting/57516"
"D","ԸՆՏԱՆԵԿԱՆ ՀԱՇՎԱՊԱՀ (ԻՄԻՋ ՔՈՆՍԱԼԹԻՆԳ սահմանափակ պատասխանատվությամբ ընկերություն/ՍՊԸ)","Հայք Սարգսյան, տնօրեն","+37499200266","","Երևան","https://spyur.am/am/companies/family-accountant/55826"
"D","ԸՔԱՈՒՆԹԻՆԳ ԹԱՅՄ ՀԱՇՎԱՊԱՀԱԿԱՆ ԸՆԿԵՐՈՒԹՅՈՒՆ","","+37498866177","","Երևան","https://spyur.am/am/companies/accounting-time-accounting-company/43641"
"D","ԸՔԱՈՒՆԹԻՆԳ ՍԸԼՅՈՒՇՆՍ ՀԱՇՎԱՊԱՀԱԿԱՆ ԳՐԱՍԵՆՅԱԿ ՍՊԸ","Արման Բարսեղյան, տնօրեն","+37494087817","+37495087817","Երևան","https://spyur.am/am/companies/accounting-solutions-accounting-office/55021"
"D","ԸՔԱՈՒՆԹՆԹ ՍՔԻԼՍ","Լիլիթ Սաղյան, տնօրեն","+37494881206","","Երևան","https://spyur.am/am/companies/accountant-skills/56918"
"D","ԹԱԴԵՎՈՍՅԱՆ ԸՆԴ ՓԱՐԹՆԵՐՍ ՀԱՇՎԱՊԱՀԱԿԱՆ ԸՆԿԵՐՈՒԹՅՈՒՆ","Անահիտ Զուռնաչյան, տնօրեն","+37498049244","","Երևան","https://spyur.am/am/companies/tadevosyan--partners-accounting-company/44649"
"D","ԹԱՔՍ ԱՅԴԻԱ ՍՊԸ","Սերգեյ Ալեքսանդրի Ստեփանյան, տնօրեն","+37460650520","+37455155105","Երևան","https://spyur.am/am/companies/tax-idea/44584"
"D","ԹԱՔՍ ԿՈՆՍԱԼՏԻՆԳ ՍՊԸ","Վիլենա Խաչիկյան, տնօրեն","+37441333335","+37495400333","Երևան","https://spyur.am/am/companies/tax-consulting/40649"
"D","ԹԱՔՍ ՀԵԼՓ ԸՔՔԱՈՒՆԹԻՆԳ","Հենրիկ Սարգսյան, տնօրեն","+37495086080","+37443076080","Երևան","https://spyur.am/am/companies/tax-help-accounting/59545"
"D","ԹԱՔՍ ՄԱՍՏԵՐ ՀԱՇՎԱՊԱՀԱԿԱՆ ՀԱՇՎԱՌՄԱՆ ԳՐԱՍԵՆՅԱԿ ՍՊԸ","Սերգեյ Ադամյան, տնօրեն","+37496036085","+37455036085","Աշտարակ","https://spyur.am/am/companies/tax-master-accountancy-office/54885"
"D","ԹԻ ԸՔԱՈՒՆԹ ՍՊԸ","Տիգրան Յուրիկի Մարտիրոսյան, տնօրեն","+37411408608","","Երևան","https://spyur.am/am/companies/t-account/6087"
"D","ԹԻՄ 2 ԲԻ","Վլադիմեր Շատվերյան, տնօրեն","+37460500987","","Երևան","https://spyur.am/am/companies/team2b/48119"
"D","ԹԻՄ ՎԻ-ԷՍ-ՎԻ ՀԱՇՎԱՊԱՀԱԿԱՆ ՀԱՇՎԱՌՄԱՆ ԳՐԱՍԵՆՅԱԿ ՍՊԸ","Անի Առաքելյան, տնօրեն","+37499920425","+37495920425","Երևան","https://spyur.am/am/companies/team-vsv-accountancy-office/55012"
"D","ԹՐԱՍԹ ԿՈՄՊԱՆԻ ՍՊԸ","Սամվել Աշուղաթոյան, տնօրեն","+37494044140","+37499064140","Երևան","https://spyur.am/am/companies/trust-company/27593"
"D","ԹՐԻՓԼ ՔՈՆՍԱԼԹԻՆԳ ՍՊԸ","Լիպարիտ Անտոնյան, տնօրեն","+37498553533","","Երևան","https://spyur.am/am/companies/triple-consulting/45227"
"D","ԻԿԿԱ ՀԱՇՎԱՊԱՀԱԿԱՆ ԳՐԱՍԵՆՅԱԿ","Վարդան Դավթյան, տնօրեն","+37499080907","+37443430907","Երևան","https://spyur.am/am/companies/ikka-accounting-office/40669"
"D","ԻՄ ՀԱՇՎԱՊԱՀ","","+37444580401","","Երևան","https://spyur.am/am/companies/im-hashvapah/59830"
"D","ԻՆ ԹԱՅՄ ԷՅ ՍԻ ՀԱՇՎԱՊԱՀԱԿԱՆ ԿԵՆՏՐՈՆ ՍՊԸ","Գևորգ Քոչարյան, տնօրեն","+37441800330","","Երևան","https://spyur.am/am/companies/in-time-ac-accounting-center/50715"
"D","ԻՆԵԱ ՍՊԸ","Սերգեյ Ջավուկցյան, գլխավոր տնօրեն","+37443008787","+37491025555","Երևան","https://spyur.am/am/companies/inea/52312"
"D","ԻՆԿՈԳՆԻՏՈ ՍՊԸ","Դավիթ Սարդարյան, տնօրեն","+37491538381","","Երևան","https://spyur.am/am/companies/incognito/45653"
"D","ԻՆԿՈՄԿԵՆՏՐՈՆ ՀԱՇՎԱՊԱՀԱԿԱՆ ԸՆԿԵՐՈՒԹՅՈՒՆ ՍՊԸ","Սուսաննա Եղոյան, տնօրեն","+37441308646","","Երևան","https://spyur.am/am/companies/income-centre-accounting-company/44100"
"D","ԼԱԳԱ ՀԱՇՎԱՊԱՀԱԿԱՆ ԸՆԿԵՐՈՒԹՅՈՒՆ ՍՊԸ","Գագիկ Ասատրյան, տնօրեն","+37499508870","+37494105888","Երևան","https://spyur.am/am/companies/laga-accounting-company/35794"
"D","ԼԱՐԻՍԱ ՄԵՍՐՈՊՅԱՆ անհատ ձեռնարկատեր (ԱՁ)","Լարիսա Մեսրոպյան, տնօրեն","+37499008049","+37411548687","Երևան","https://spyur.am/am/companies/larisa-mesropyan/22239"
"D","ԼԵԳԱ ՀԱՇՎԱՊԱՀԱԿԱՆ ԸՆԿԵՐՈՒԹՅՈՒՆ","Լիլյա Բադեյան, տնօրեն","+37499655720","","Երևան","https://spyur.am/am/companies/lega-accounting-company/22086"
"D","ԼԵԴՋԵՐԱ ԳՐՈՒՊ","Գևորգ Գինոսյան, կառավարող գործընկեր","+37491111923","","Երևան","https://spyur.am/am/companies/ledgera-group/59650"
"D","ԼԻԴ ՔՈՆՍԱԼԹԻՆԳ","","+37441661661","+37498751313","Երևան","https://spyur.am/am/companies/lead-consulting/59805"
"D","ԼԻԴԵՐՍ ՔՈՄՓԸՆԻ ՀԱՇՎԱՊԱՀԱԿԱՆ ՀԱՇՎԱՌՄԱՆ ԳՐԱՍԵՆՅԱԿ","Լուսինե Նալբանդյան, տնօրեն","+37477252082","+37491052082","Աբովյան","https://spyur.am/am/companies/leaders-company-accountancy-office/54836"
"D","ԼՈԲ ԷՅ ԷՄ ՀԱՇՎԱՊԱՀԱԿԱՆ ԸՆԿԵՐՈՒԹՅՈՒՆ","","+37433021551","+37455021551","Երևան","https://spyur.am/am/companies/lob-am-accounting-company/57467"
"D","ԼՈՅԱԼ ՓԱՐԹՆԵՐ ՀԱՇՎԱՊԱՀԱԿԱՆ ԸՆԿԵՐՈՒԹՅՈՒՆ ՍՊԸ","Ռուզաննա Ստեփանյան, տնօրեն","+37494631505","+37433631505","Սպիտակ","https://spyur.am/am/companies/loyal-partner-accounting-company/55017"
"D","ԼՈՒՄԱՆԻ","","+37493009696","","Երևան","https://spyur.am/am/companies/lumani/58738"
"D","ԽԱՉԱՏՐՅԱՆ ՔՈՆՍԱԼԹԻՆԳ ՀԱՇՎԱՊԱՀԱԿԱՆ ԸՆԿԵՐՈՒԹՅՈՒՆ","Տիգրան Խաչատրյան, տնօրեն","+37443144441","","Երևան","https://spyur.am/am/companies/khachatryan-consulting-accounting-company/45771"
"D","ԿԱՊԱՆԻ ՀՀԳ ՍՊԸ","Դավիթ Մարտիրոսյան, տնօրեն","+37498322081","","Կապան","https://spyur.am/am/companies/kapani-hhg/22286"
"D","ԿԱՐ-ՏԵԳ ԳՐՈՒՊ ՍՊԸ","","+37477060005","","Երևան","https://spyur.am/am/companies/kar-teg-group/51008"
"D","ԿՆԻՔ ՍՊԸ","Արմեն Խաչատրյան, տնօրեն","+37477254052","+37433254052","Երևան","https://spyur.am/am/companies/kniq/53877"
"D","ԿՈՆՑԵՊՏՈՒՄ ՍՊԸ","Մխիթար Կոտանիդիս, տնօրեն","+37495705577","","Երևան","https://spyur.am/am/companies/conceptum/24990"
"D","ԿՐԵԴԵԲ ՀԱՇՎԱՊԱՀԱԿԱՆ ԳՐԱՍԵՆՅԱԿ","Գևորգ Մանգասարյան, տնօրեն","+37428430230","+37493550230","Գորիս","https://spyur.am/am/companies/credeb-accounting-office/36557"
"D","ԿՐԵՍՏՈՆ ԱՐՄԵՆԻԱ ՓԲԸ","Զարուհի Մանասարյան, տնօրեն","+37499477867","","Երևան","https://spyur.am/am/companies/kreston-armenia/56565"
"D","ՀԱԿՈԲՅԱՆ ԸՔԱՈՒՆԹԻՆԳ","","+37498373801","","Երևան","https://spyur.am/am/companies/hakobyan-accounting/56969"
"D","ՀԱՄԱՍԻԱՆ ՀԱՐՈՒԹՅՈՒՆ - ՀԱՇՎԱՊԱՀԱԿԱՆ ԾԱՌԱՅՈՒԹՅՈՒՆՆԵՐ","Հարություն Համասյան, տնօրեն","+18185018333","","","https://spyur.am/am/companies/hamassian-harutune---accountants/38611"
"D","ՀԱՄԱՐ ՄԵԿ ՀԱՇՎԱՊԱՀԱԿԱՆ ԾԱՌԱՅՈՒԹՅՈՒՆ","Կարեն Աղաջանյան, ղեկավար","+37410531531","+37477022221","Երևան","https://spyur.am/am/companies/number-one-accounting-service/39595"
"D","ՀԱՇՎԱՊԱՀ ԱՌԼԵՆ ԳԱՐԱՊԵՏԻԱՆ","Առլեն Գարապետիան, ղեկավար","+18185021040","","","https://spyur.am/am/companies/arlen-gharapetian-cpa/37682"
"D","ՀԱՇՎԱՊԱՀ ՍՊԸ","Նարեկ Թամոյան, տնօրեն","+37495076166","","Երևան","https://spyur.am/am/companies/hashvapah/45792"
"D","ՀԱՍՄԻԿ ՄԱՐԳԱՐՅԱՆ ՀԱՄԼԵՏԻ","Հասմիկ Մարգարյան, տնօրեն","+37433145623","","Երևան","https://spyur.am/am/companies/hasmik-margaryan-hamleti/58818"
"D","ՀԱՎԱՏԱՐԻՄ ԳՈՐԾԸՆԿԵՐ ՀԱՇՎԱՊԱՀԱԿԱՆ ԸՆԿԵՐՈՒԹՅՈՒՆ ՍՊԸ","Ռուզաննա Մկրտչյան, տնօրեն","+37496622285","+37477222285","Գավառ","https://spyur.am/am/companies/havatarim-gortsynker-accounting-company/54865"
"D","ՀԱՐՐԻ ԴԻՐԱՄԱՐԻԱՆ ՀԱՇՎԱՊԱՀԱԿԱՆ ԾԱՌԱՅՈՒԹՅՈՒՆՆԵՐ ՄԱՏՈՒՑՈՂ ԸՆԿԵՐՈՒԹՅՈՒՆ","","+16267914815","","","https://spyur.am/am/companies/harry-diramarian---professional-bookkeeping-services/37334"
"D","ՀԵԼՓՍ ՔԸՆՍԱԼԹԻՆԳ ՍՊԸ","Սոնա Խաչատրյան, գործադիր տնօրեն","+37498021713","+37491243333","Երևան","https://spyur.am/am/companies/helps-consulting/42929"
"D","ՀԵԼՓՍ ՔՈՐՓՈՐԵՅՇԸՆ ՍՊԸ","Մարիամ Վարժապետյան, տնօրեն","+37498021713","","Երևան","https://spyur.am/am/companies/helps-corporation/57775"
"D","ՀԵՆԴ ԹՈՒ ՀԵՆԴ ՍՊԸ","","+37496734442","","Երևան","https://spyur.am/am/companies/hand-to-hand/44265"
"D","ՀԵՆՐԻ Ա. ՄԱԼԱՔՅԱՆ","","+18182440870","","","https://spyur.am/am/companies/henry-a-malakian/57399"
"D","ՀՈՎՀԱՆՆԻՍՅԱՆ ԿԵՆՏՐՈՆ","Եղեգնուհի Հովհաննիսյան, տնօրեն","+37498691971","+37495691971","Երևան","https://spyur.am/am/companies/hovhannisyan-center/58156"
"D","ՂԱՐԻԲՅԱՆՍ ԼՈՈՒ ԻՐԱՎԱԲԱՆԱԿԱՆ ԵՎ ՀԱՇՎԱՊԱՀԱԿԱՆ ԸՆԿԵՐՈՒԹՅՈՒՆ (ՂԱՐԻԲՅԱՆՍ ԼՈՈՒ սահմանափակ պատասխանատվությամբ ընկերություն/ՍՊԸ)","Էդգար Ղարիբյան, տնօրեն","+37441333233","","Երևան","https://spyur.am/am/companies/gharibyans-law-law-and-accounting-company/56248"
"D","ՃՇԳՐԻՏ ՀԱՇՎԱՊԱՀՈՒԹՅՈՒՆ ԵՎ ԽՈՐՀՐԴԱՏՎՈՒԹՅՈՒՆ ՀԱՇՎԱՊԱՀԱԿԱՆ ԸՆԿԵՐՈՒԹՅՈՒՆ ՍՊԸ","Արմինե Ջուլհակյան, տնօրեն","+37491126065","+37494126065","Բերդ","https://spyur.am/am/companies/accurate-accounting-and-consulting-accountancy-company/54906"
"D","ՄԱԹԵՎՈՍՅԱՆ ԳՐՈՒՊ ՍՊԸ","Հասմիկ Մաթևոսյան, տնօրեն","+37493054560","","Երևան","https://spyur.am/am/companies/matevosyan-group/59152"
"D","ՄԱՅՆԴՕՆ ԸՔԱՈՒՆԹԻՆԳ ՀԱՇՎԱՊԱՀԱԿԱՆ ԸՆԿԵՐՈՒԹՅՈՒՆ ՍՊԸ","Ֆլորա Միրզոյան, տնօրեն","+37455605600","+37455880580","Երևան","https://spyur.am/am/companies/mindon-accounting-accounting-company/48529"
"D","ՄԱՆՄԱՐՏԻ ՍՊԸ","Լևոն Մանուչարյան, տնօրեն","+37491509050","","Երևան","https://spyur.am/am/companies/manmarty/47795"
"D","ՄԱՐԿ ՔՈՆՍԱԼԹԻՆԳ ՍՊԸ","","+37433311133","+37499911199","Երևան","https://spyur.am/am/companies/mark-consulting/53842"
"D","ՄԵԼՍ ՔՆՍԱԼԹԻՆԳ ՀԱՇՎԱՊԱՀԱԿԱՆ ԸՆԿԵՐՈՒԹՅՈՒՆ","Աշոտ Ենգիբարյան, տնօրեն","+37493021525","","Երևան","https://spyur.am/am/companies/mels-consulting-accounting-company/54125"
"D","ՄԵՏԱ ԸՔԱՈՒՆԹԻՆԳ ՀԱՇՎԱՊԱՀԱԿԱՆ ՀԱՇՎԱՌՄԱՆ ԳՐԱՍԵՆՅԱԿ ՍՊԸ","Արփինե Ասլանյան, տնօրեն","+37491322450","+37455322450","Երևան","https://spyur.am/am/companies/meta-accounting-accountancy-office/54981"
"D","ՄԷԱ ԸՔԱՈՒՆԹԻՆԳ ՀԱՇՎԱՊԱՀԱԿԱՆ ՀԱՇՎԱՌՄԱՆ ԳՐԱՍԵՆՅԱԿ ՍՊԸ","Լուսինե Եղիազարյան, տնօրեն","+37491609511","+37494609511","Երևան","https://spyur.am/am/companies/mea-accounting-accountancy-office/55016"
"D","ՄՄ ՔՈՆՍԱԼԹԻՆԳ","Արփինե Սուլթանյան, տնօրեն","+37498368443","","Երևան","https://spyur.am/am/companies/mm-consulting/56038"
"D","ՄՈՏԻՎ ՔՈՆՍԱԼԹԻՆԳ ՍՊԸ","Արթուր Հակոբյան, տնօրեն","+37444808001","","Երևան","https://spyur.am/am/companies/motive-consulting/51970"
"D","ՄՈՒՇԵՂՅԱՆ ԵՎ ԳՈՐԾԸՆԿԵՐՆԵՐ","","+37493269090","","Երևան","https://spyur.am/am/companies/musheghyan-and-partners/55120"
"D","ՄՈՒՌ ՀԱՅԱՍՏԱՆ","","+37495901949","","Երևան","https://spyur.am/am/companies/moore-armenia/51309"
"D","ՅՈՒՆԱՅԹԻԴ ՔՆՍԱԼԹԻՆԳ ՔՈ.","","+37491480448","","Երևան","https://spyur.am/am/companies/united-consulting-co/58417"
"D","ՆՈՒՆԵ ՀՈԽԱՆՅԱՆ անհատ ձեռնարկատեր (ԱՁ)","Նունե Հոխանյան, ղեկավար","+37491450450","","Երևան","https://spyur.am/am/companies/nune-hokhanyan/56103"
"D","ՇԱՀԻՆՅԱՆՍ ՔՈՄՓԱՆԻ ՀԱՇՎԱՊԱՀԱԿԱՆ ԸՆԿԵՐՈՒԹՅՈՒՆ","Արա Շահինյան, տնօրեն","+37493809988","","Երևան","https://spyur.am/am/companies/shahinyans-company-accounting-company/48083"
"D","ՊՐՈԳՐԵՍ-ԱՈՒԴԻՏ ՓԲԸ","Ռուզաննա Արզումանյան, գլխավոր տնօրեն","+37410541175","+37410561176","Երևան","https://spyur.am/am/companies/progress-audit/7069"
"D","ՊՐՈԸՔԱՈՒՆԹԻՆԳ","","+37444307307","","Երևան","https://spyur.am/am/companies/proaccounting/50796"
"D","ՊՐՈՏԱԿՍ ՀԱՇՎԱՊԱՀԱԿԱՆ ԿԱԶՄԱԿԵՐՊՈՒԹՅՈՒՆ ՍՊԸ","","+37455480400","","Երևան","https://spyur.am/am/companies/protax-accounting-organization/40697"
"D","ՊՐՈՔՍԻ ՍԵՐՎԻՍ","Արմեն Վարդանյան, տնօրեն","+37411776999","+37477776999","Երևան","https://spyur.am/am/companies/proxy-service/34068"
"D","ՊՐՈՖ ՓԱՐԹՆԵՐՍ ՀԱՇՎԱՊԱՀԱԿԱՆ ՀԱՇՎԱՌՄԱՆ ԳՐԱՍԵՆՅԱԿ ՍՊԸ","Նունիկ Մանուկյան, տնօրեն","+37493590738","+37499590738","Ապարան","https://spyur.am/am/companies/prof-partners-accountancy-office/55013"
"D","ՊՐՈՖԹԻՄ ԸՔԱՈՒՆԹԻՆԳ ՀԱՇՎԱՊԱՀԱԿԱՆ ՀԱՇՎԱՌՄԱՆ ԳՐԱՍԵՆՅԱԿ","Նարինե Գիշյան, տնօրեն","+37491328100","+37493328100","Նոյեմբերյան","https://spyur.am/am/companies/profteam-accounting-accountancy-office/54979"
"D","ՊՐՈՖԻՆ ՀԱՇՎԱՊԱՀԱԿԱՆ ԸՆԿԵՐՈՒԹՅՈՒՆ ՍՊԸ","Նարեկ Մանուկյան, տնօրեն","+37498591214","","Երևան","https://spyur.am/am/companies/profin-accounting-company/46289"
"D","ՊՐՈՖՀԱՇ ԽՈՐՀՐԴԱՏՎԱԿԱՆ ԿԵՆՏՐՈՆ ՀԱՇՎԱՊԱՀԱԿԱՆ ԸՆԿԵՐՈՒԹՅՈՒՆ ՍՊԸ","Ասյա Պողոսյան, տնօրեն","+37491627772","+37477627772","Արմավիր","https://spyur.am/am/companies/profhash-consulting-center-accounting-company/54883"
"D","ՊՐՈՖՄԱՔՍ ՍԸԼՈՒՇԸՆՍ ՀԱՇՎԱՊԱՀԱԿԱՆ ԸՆԿԵՐՈՒԹՅՈՒՆ ՍՊԸ","Հասմիկ Հակոբյան, տնօրեն","+37491042625","+37495042625","Չարենցավան","https://spyur.am/am/companies/profmax-solutions-accounting-company/54980"
"D","ՋԵՆԵՐԱԼ ԸՔԱՈՒՆԹԻՆԳ ՀԱՇՎԱՊԱՀԱԿԱՆ ՀԱՇՎԱՌՄԱՆ ԳՐԱՍԵՆՅԱԿ","","+37493921523","+37455921523","Երևան","https://spyur.am/am/companies/general-accounting-accountancy-office/51412"
"D","ՋԻ ԷՅՋ ՀԱՇՎԱՊԱՀԱԿԱՆ ԸՆԿԵՐՈՒԹՅՈՒՆ","Հրաչ Լայիշյան, տնօրեն","+37460543777","+37477606777","Երևան","https://spyur.am/am/companies/gh-accounting-company/58584"
"D","ՋՈՅՆ ԱՍ ՀԱՇՎԱՊԱՀԱԿԱՆ ՀԱՇՎԱՌՄԱՆ ԳՐԱՍԵՆՅԱԿ ՍՊԸ","Իսկուհի Էնոքյան, տնօրեն","+37495043354","+37477043354","Մասիս","https://spyur.am/am/companies/join-us-accountancy-office/54904"
"D","ՌԱՅԹ ՔՈՆՍԱԼԹԻՆԳ ՍՊԸ","Կարեն Վազգենի Ստեփանյան, տնօրեն","+37460370131","","Երևան","https://spyur.am/am/companies/right-consulting/27430"
"D","ՌԵԱԼ ՔՈՆՍԱԼԹԻՆԳ ՍՊԸ","Արմեն Ադամյան, տնօրեն","+37491484482","","Երևան","https://spyur.am/am/companies/real-consulting/45611"
"D","ՌՈՒԲԵՆՅԱՆ ԸՔԱՈՒՆԹԻՆԳ ՀԱՇՎԱՊԱՀԱԿԱՆ ԸՆԿԵՐՈՒԹՅՈՒՆ","","+37493235675","+37441777388","Երևան","https://spyur.am/am/companies/rubenyan-accounting-accounting-company/57978"
"D","ՍԱՄԱՐՏ ՔՈՆՍԱԼԹԻՆԳ ՍՊԸ","","+37495615141","","Դավթաշեն","https://spyur.am/am/companies/samart-consulting/49808"
"D","ՍԱՆԹԵԼՅԱՆ ՀԱՇՎԱՊԱՀԱԿԱՆ ԸՆԿԵՐՈՒԹՅՈՒՆ","","+37455411556","+37495411556","Երևան","https://spyur.am/am/companies/santelyan-accounting-company/58300"
"D","ՍԱՆՈՒԱՆ ԸՔԱՈՒՆԹԻՆԳ ՀԱՇՎԱՊԱՀԱԿԱՆ ԸՆԿԵՐՈՒԹՅՈՒՆ","","+37493326031","","Երևան","https://spyur.am/am/companies/sanone-accounting-accounting-company/49309"
"D","ՍԱՎԱ ԻՆՏԵԼԵԿՏ ՍՊԸ","","+37460732999","+37441556680","Երևան","https://spyur.am/am/companies/sava-intellect/49880"
"D","ՍԱՏԱՐ ԻՐԱՎԱԲԱՆԱԿԱՆ ԵՎ ՀԱՇՎԱՊԱՀԱԿԱՆ ԸՆԿԵՐՈՒԹՅՈՒՆ","Խաժակ Աշոտի Մաթևոսյան, տնօրեն","+37410501464","+37477330880","Երևան","https://spyur.am/am/companies/satar-law-and-accounting-company/25581"
"D","ՍԱՐԳՍՅԱՆՍ ՀԱՇՎԱՊԱՀԱԿԱՆ ԸՆԿԵՐՈՒԹՅՈՒՆ ՍՊԸ","Անուշ Սարգսյան, տնօրեն","+37493881125","+37410269374","Երևան","https://spyur.am/am/companies/sargsyans-accounting-company/43061"
"D","ՍԵՅՖ ԸՔԱՈՒՆԹԻՆԳ ՀԱՇՎԱՊԱՀԱԿԱՆ ՀԱՇՎԱՌՄԱՆ ԳՐԱՍԵՆՅԱԿ ՍՊԸ","Անժելա Զաքարյան, տնօրեն","+37499844775","+37455844775","Երևան","https://spyur.am/am/companies/safe-accounting-accountancy-office/55041"
"D","ՍԵՅՖԹԻ ԸՔԱՈՒՆԹԻՆԳ ՀԱՇՎԱՊԱՀԱԿԱՆ ԿԵՆՏՐՈՆ","Մերի Հակոբյան, տնօրեն","+37411229090","+37495629090","Երևան","https://spyur.am/am/companies/safety-accounting-accounting-center/24451"
"D","ՍԵՐԻՆԵ ՊՈՂՈՍՅԱՆ անհատ ձեռնարկատեր (ԱՁ)","Սերինե Պողոսյան, տնօրեն","+37493895576","","Գյումրի","https://spyur.am/am/companies/serine-poghosyan/49079"
"D","ՍԹԵՓԱՓ ՀԱՇՎԱՊԱՀԱԿԱՆ ԸՆԿԵՐՈՒԹՅՈՒՆ ՍՊԸ","","+37493909451","","Երևան","https://spyur.am/am/companies/stepup-accounting-company/48641"
"D","ՍԻԳՄԱ ՍԵՐՎԻՍԻԶ ՀԱՇՎԱՊԱՀԱԿԱՆ ՀԱՇՎԱՌՄԱՆ ԳՐԱՍԵՆՅԱԿ","","+37498702082","+37455702082","Մեղրի","https://spyur.am/am/companies/sigma-services-accountancy-office/54803"
"D","ՍԻՐԻՈՒՍ ԼԱՅԹ ՍՊԸ","Լարիսա Մանասյան, տնօրեն","+37498026167","+37494226167","Սիսիան","https://spyur.am/am/companies/sirius-light/54838"
"D","ՍՄԱՐԹ ԸՔԱՈՒՆԹԸՆԹ","","+37494196648","+37491196648","Հրազդան","https://spyur.am/am/companies/smart-accountant/54940"
"D","ՍՄԱՐԹ ՀԱՇՎԱՌՈՒՄ ՀԱՇՎԱՊԱՀԱԿԱՆ ԿԵՆՏՐՈՆ ՍՊԸ","Արմեն Փերիխանյան, տնօրեն","+37499529979","+37495529979","Ալավերդի","https://spyur.am/am/companies/smart-account-accounting-center/54992"
"D","ՍՄԱՐԹ ՔԸՆՍԱԼԹ ՍՊԸ","","+37498331227","","Հրազդան","https://spyur.am/am/companies/smart-consult/56221"
"D","ՍՈՆ-ՍԱՄ ՍՊԸ","Կարեն Պետրոսյան, տնօրեն","+37455597760","","Երևան","https://spyur.am/am/companies/son-sam/53322"
"D","ՍՈՆԵԼ ՀԱՇՎԱՊԱՀԱԿԱՆ ԵՎ ԽՈՐՀՐԴԱՏՎԱԿԱՆ ԸՆԿԵՐՈՒԹՅՈՒՆ","Արայիկ Հովիկի Այվազյան, տնօրեն","+37455654433","+37499654433","Երևան","https://spyur.am/am/companies/sonel-accounting-and-consulting-company/29209"
"D","ՍՏԵՓ ՖՈՐՎԱՐԴ ՀԱՇՎԱՊԱՀԱԿԱՆ ԸՆԿԵՐՈՒԹՅՈՒՆ ՍՊԸ","Էվելինա Այվազյան, տնօրեն","+37498790047","+37444790047","Նոր Հաճըն","https://spyur.am/am/companies/step-forward-accounting-company/55018"
"D","ՍՏՈՒՅԳ ՀԱՇՎԱՊԱՀԱԿԱՆ ԳՐԱՍԵՆՅԱԿ","Սպարտակ Սմբատյան, տնօրեն","+37499775599","+37493649444","Աբովյան","https://spyur.am/am/companies/stuyg-accounting-office/26962"
"D","ՎԱՅԶ ԸՔԱՈՒՆԹԻՆԳ ՍՊԸ","Սիրանույշ Գրիգորյան, տնօրեն","+37443775770","+37411774770","Երևան","https://spyur.am/am/companies/wise-accounting/34576"
"D","ՎԱՍՏ ՔՈՆՍԱԼԹԻՆԳ ՀԱՇՎԱՊԱՀԱԿԱՆ ԸՆԿԵՐՈՒԹՅՈՒՆ","","+37477002453","+37493426872","Երևան","https://spyur.am/am/companies/vast-consulting-accounting-company/45940"
"D","ՎՍՏԱՀԵԼԻ ԳՈՐԾԸՆԿԵՐ (ՀՐԱՅՐ ՂԱԶԱՐՅԱՆ անհատ ձեռնարկատեր/ԱՁ)","Հրայր Ղազարյան, տնօրեն","+37499066515","","Երևան","https://spyur.am/am/companies/vstaheli-gotsenker/27014"
"D","ՏԻՏԱՆՅԱՆ ՍՊԸ","Արամ Տիտանյան, տնօրեն","+37495397463","+37494277039","Երևան","https://spyur.am/am/companies/titanyan/49926"
"D","ՏՈՏԱԼ ԱՉԻՎՄԵՆՏ ԿՈՆՍԱԼՏԻՆԳ ՍՊԸ","","+37498115507","","Երևան","https://spyur.am/am/companies/total-achievement-consulting/59234"
"D","ՏՐԻՈ ԳԱՐԱՆՏ ՍՊԸ","","+37498090605","","Երևան","https://spyur.am/am/companies/trio-garant/48704"
"D","ՐԻԹՐԻՎ ԼԻԳԸԼ ԷՆԴ ԹԵՔՍ","","+37441777332","","Երևան","https://spyur.am/am/companies/retrieve-legal--tax/56383"
"D","ՓԱՐԹՆԵՐՇԻՓ","Արամ Շահբազյան, տնօրեն","+37477357901","","Երևան","https://spyur.am/am/companies/partnership/52769"
"D","ՓԱՐԹՆԵՐՍ ԳՐՈՒՊ ՍՊԸ","Գարիկ Սարգսյան, տնօրեն","+37494974433","","Երևան","https://spyur.am/am/companies/partners-group/58890"
"D","ՓԸՐՖԵՔԹ ԱՈՒԴԻՏ ՍՊԸ","Աղավնի Բաբայան, տնօրեն","+37410524724","+37493878382","Երևան","https://spyur.am/am/companies/perfect-audit/7210"
"D","ՓԻ ՍԻ ԷՅ ԹԻ ՔՈՆՍԱԼԹԻՆԳ","Դիանա Մնացականյան, տնօրեն","+37498488422","","Երևան","https://spyur.am/am/companies/pcat-consulting/35228"
"D","ՓՐԱՅՄ ՍԸՓՈՐԹ ՀԱՇՎԱՊԱՀԱԿԱՆ ԿԵՆՏՐՈՆ ՍՊԸ","Հասմիկ Ավագյան, տնօրեն","+37491322470","+37493322470","Երևան","https://spyur.am/am/companies/prime-support-accounting-center/33715"
"D","ՔԵՅ ՓԱՐԹՆՐԶ ՓԲԸ","Գագիկ Դավթի Եղիազարյան, նախագահ","+37410548574","","Երևան","https://spyur.am/am/companies/kpartners/3378"
"D","ՔԵՅԷՄՋԻ ՔՈՆՍԱԼԹԻՆԳ ԽՈՐՀՐԴԱՏՎԱԿԱՆ ԸՆԿԵՐՈՒԹՅՈՒՆ","Կառլեն Խաչատրյան, տնօրեն","+37499130099","+37412581958","Երևան","https://spyur.am/am/companies/kmg-consulting-consulting-company/40628"
"D","ՔՅՈՒ ԲԻ ԼԻԴԵՐՍ ՍՊԸ","Վաղարշակ Սամսոնյան, տնօրեն","+37499555753","","Երևան","https://spyur.am/am/companies/qb-leaders/58849"
"D","ՔՈ ԽՈՐՀՐԴԱՏՈՒՆ ՀԱՇՎԱՊԱՀԱԿԱՆ ԳՐԱՍԵՆՅԱԿ ՍՊԸ","Լուսինե Սարգսյան, տնօրեն","+37455926100","+37477926100","Արտաշատ","https://spyur.am/am/companies/your-consultant-accounting-office/54843"
"D","ՔՐԻՍՏԻՆԱ ՍԱՐԳՍՅԱՆ անհատ ձեռնարկատեր (ԱՁ)","Ալբերտ Սարգսյան, տնօրեն","+37499662213","","Երևան","https://spyur.am/am/companies/kristina-sargsyan/39397"
"D","ՔՐՈՈՒ ՔԸՆՍԱԼԹԻՆԳ","","+37493460000","","Երևան","https://spyur.am/am/companies/crow-consulting/53838"
"D","ՕՆ ԹԱՅՄ ՀԱՇՎԱՊԱՀՈՒԹՅՈՒՆ ՀԱՇՎԱՊԱՀԱԿԱՆ ԳՐԱՍԵՆՅԱԿ","Արևիկ Գրիգորյան, տնօրեն","+37499027910","+37455027910","Սևան","https://spyur.am/am/companies/on-time-accountancy-accounting-office/54887"
"D","ՖԱՅՆԵՆՍ ԲԻ ԱՅ ՍՊԸ","Մարինե Անդրեասյան, տնօրեն","+37455664499","","Երևան","https://spyur.am/am/companies/finance-bi/49899"
"D","ՖԸՐՍԹ ԸՔԱՈՒՆԹԻՆԳ ՍՊԸ","","+37410444008","","Երևան","https://spyur.am/am/companies/first-accounting/47794"
"D","ՖԻՆ ԿՈՐ ՀԱՇՎԱՊԱՀԱԿԱՆ ԳՐԱՍԵՆՅԱԿ","Արսեն Դավթյան, տնօրեն","+37410580501","","Երևան","https://spyur.am/am/companies/fin-cor-accounting-office/27618"
"D","ՖԻՆ ՄԱՍՏԵՐ","","+37496140666","","Երևան","https://spyur.am/am/companies/fin-master/55184"
"D","ՖԻՆ ՍՔԱՅ ՔՈՆՍԱԼԹԻՆԳ (ՖԻՆ ՍՔԱՅ սահմանափակ պատասխանատվությամբ ընկերություն/ՍՊԸ)","Ռոբերտ Խաչատրյան, տնօրեն","+37441109109","","Երևան","https://spyur.am/am/companies/fin-sky-consulting/59864"
"D","ՖԻՆ ՔԸՆԹՐՈԼ ՀԱՇՎԱՊԱՀԱԿԱՆ ՀԱՇՎԱՌՄԱՆ ԳՐԱՍԵՆՅԱԿ ՍՊԸ","","+37499950253","+37477950253","Դիլիջան","https://spyur.am/am/companies/fin-control-accountancy-office/48249"
"D","ՖԻՆ.ԱՄ","","+37493337007","+37455887007","Երևան","https://spyur.am/am/companies/finam/41097"
"D","ՖԻՆԱՆՍ ԱՓ ՍՊԸ","Գոռ Հովհաննիսյան, տնօրեն","+37491209112","","Երևան","https://spyur.am/am/companies/finance-up/48941"
"D","ՖԻՆԳՈՒՌՈՒ","","+37441930930","","Երևան","https://spyur.am/am/companies/finguru/55308"
"D","ՖԻՆԹԱՅՄ ՀԱՇՎԱՊԱՀԱԿԱՆ ԸՆԿԵՐՈՒԹՅՈՒՆ ՍՊԸ","Ալմաստ Սարգսյան, տնօրեն","+37491022661","+37441022661","Թալին","https://spyur.am/am/companies/fintime-accounting-company/54905"
"D","ՖԻՆԼԱԲ","","+37491500095","+37491500069","Երևան","https://spyur.am/am/companies/finlab/56382"
"D","ՖԻՆԿՈՆՍԵՐՎԻՍ ՍՊԸ","","+37499455932","","Երևան","https://spyur.am/am/companies/finconservice/58936"
"D","ՖԻՆՍ ԱՈՒԴԻՏ","Արմինե Արտուշի Ավագյան, հիմնադիր տնօրեն","+37477525075","+37477654000","Երևան","https://spyur.am/am/companies/fins-audit/34342"
"D","ՖԻՆՎԵՅ ՍՊԸ","Սերժ Մարտիրոսյան, գործադիր տնօրեն","+37477044100","+37493303939","Երևան","https://spyur.am/am/companies/finway/58167"
"D","ՖԻՆՎԵՅՎ ՔՆՍԱԼԹ ՍՊԸ","","+37494578057","","Երևան","https://spyur.am/am/companies/finwave-consult/56317"
"D","ՖԻՆՕՊՏԻՄԱ ՍՈԼՈՒՇՆՍ ՀԱՇՎԱՊԱՀԱԿԱՆ ՀԱՇՎԱՌՄԱՆ ԳՐԱՍԵՆՅԱԿ","Էրիկ Խառատյան, տնօրեն","+37498940393","+37433940393","Իջևան","https://spyur.am/am/companies/finoptima-solutions-accountancy-office/54861"
"D","ՖԻՆՖՈՔՍ ՍՊԸ","Հարություն Նորեյան, տնօրեն","+37498856967","","Երևան","https://spyur.am/am/companies/finfox/58844"
"D","ՖՈՒՐԻՈՍԱ ՍՊԸ","Արտակ Հակոբյան, տնօրեն","+37494034666","","Երևան","https://spyur.am/am/companies/furiosa/59957"